age,cal_BP,parameter
1713.0692500479201,1663.0692500479201,Phylogeny
1613.0035138397234,1563.0035138397234,Phylogeny
1557.004944892526,1507.004944892526,Phylogeny
1549.5852333197688,1499.5852333197688,Phylogeny
1305.33103308411,1255.33103308411,Phylogeny
1207.7513460758926,1157.7513460758926,Phylogeny
1191.979292422326,1141.979292422326,Phylogeny
1396.2704394976402,1346.2704394976402,Phylogeny
1413.3434653917134,1363.3434653917134,Phylogeny
1723.9145056716663,1673.9145056716663,Phylogeny
1625.3756247587623,1575.3756247587623,Phylogeny
1518.596564182273,1468.596564182273,Phylogeny
1473.2852243303646,1423.2852243303646,Phylogeny
1603.5392249438876,1553.5392249438876,Phylogeny
1665.610054672251,1615.610054672251,Phylogeny
2178.42870879472,2128.42870879472,Phylogeny
1290.4372076695413,1240.4372076695413,Phylogeny
1233.5896153071385,1183.5896153071385,Phylogeny
2015.9533261330425,1965.9533261330425,Phylogeny
1459.5084787417488,1409.5084787417488,Phylogeny
1457.2967051787093,1407.2967051787093,Phylogeny
1049.7155560980354,999.7155560980354,Phylogeny
1384.1556388897386,1334.1556388897386,Phylogeny
1211.648064539702,1161.648064539702,Phylogeny
1118.7939682520146,1068.7939682520146,Phylogeny
1706.7553922264628,1656.7553922264628,Phylogeny
1577.5643548186076,1527.5643548186076,Phylogeny
1294.4315048080155,1244.4315048080155,Phylogeny
1301.0080154452771,1251.0080154452771,Phylogeny
1490.1062528203015,1440.1062528203015,Phylogeny
1158.4065590637997,1108.4065590637997,Phylogeny
1367.9587875725022,1317.9587875725022,Phylogeny
1335.0710516001927,1285.0710516001927,Phylogeny
1444.4282215559392,1394.4282215559392,Phylogeny
1306.2913143221247,1256.2913143221247,Phylogeny
1034.9622347290551,984.9622347290551,Phylogeny
1752.599644137811,1702.599644137811,Phylogeny
1394.2936961656624,1344.2936961656624,Phylogeny
1330.7529925126555,1280.7529925126555,Phylogeny
1291.7006342391687,1241.7006342391687,Phylogeny
1379.0923009309042,1329.0923009309042,Phylogeny
1387.0764581463443,1337.0764581463443,Phylogeny
1642.5751008193185,1592.5751008193185,Phylogeny
1232.6716593721358,1182.6716593721358,Phylogeny
1474.826843145094,1424.826843145094,Phylogeny
1899.441451340046,1849.441451340046,Phylogeny
1657.626466844537,1607.626466844537,Phylogeny
1493.6279760580842,1443.6279760580842,Phylogeny
1004.9096094321874,954.9096094321874,Phylogeny
1244.2304564344336,1194.2304564344336,Phylogeny
1783.7738573929128,1733.7738573929128,Phylogeny
1746.3051901102122,1696.3051901102122,Phylogeny
1407.4985467943488,1357.4985467943488,Phylogeny
1704.6829894299508,1654.6829894299508,Phylogeny
1355.2706663199137,1305.2706663199137,Phylogeny
2056.5896584908546,2006.5896584908546,Phylogeny
1458.2835723471007,1408.2835723471007,Phylogeny
1450.5803838203217,1400.5803838203217,Phylogeny
1474.4463612846412,1424.4463612846412,Phylogeny
1309.1273102173805,1259.1273102173805,Phylogeny
1447.4537519765918,1397.4537519765918,Phylogeny
1443.898988480977,1393.898988480977,Phylogeny
1137.5413439820402,1087.5413439820402,Phylogeny
1277.3701129363042,1227.3701129363042,Phylogeny
1235.089702537982,1185.089702537982,Phylogeny
1766.0947166957085,1716.0947166957085,Phylogeny
1287.0893052140252,1237.0893052140252,Phylogeny
1364.782570647004,1314.782570647004,Phylogeny
1136.6702822191119,1086.6702822191119,Phylogeny
1537.9962055707435,1487.9962055707435,Phylogeny
1082.7943111206741,1032.7943111206741,Phylogeny
1214.6875610251054,1164.6875610251054,Phylogeny
1499.0004456848196,1449.0004456848196,Phylogeny
1447.4438322390831,1397.4438322390831,Phylogeny
2215.0181695336332,2165.0181695336332,Phylogeny
1242.0445215974648,1192.0445215974648,Phylogeny
1621.7123267495977,1571.7123267495977,Phylogeny
1737.9275022681288,1687.9275022681288,Phylogeny
1330.8076889328618,1280.8076889328618,Phylogeny
1539.180514962327,1489.180514962327,Phylogeny
2240.490974387076,2190.490974387076,Phylogeny
1272.3009633011125,1222.3009633011125,Phylogeny
1549.7494977274944,1499.7494977274944,Phylogeny
1061.4944617763958,1011.4944617763958,Phylogeny
1203.6476171597549,1153.6476171597549,Phylogeny
1552.4407452958496,1502.4407452958496,Phylogeny
1312.2298875673541,1262.2298875673541,Phylogeny
1487.0656922050273,1437.0656922050273,Phylogeny
1960.323258740143,1910.323258740143,Phylogeny
1469.756853090384,1419.756853090384,Phylogeny
1240.7011506490448,1190.7011506490448,Phylogeny
1505.0994957968053,1455.0994957968053,Phylogeny
1151.8035381471643,1101.8035381471643,Phylogeny
1310.159155065564,1260.159155065564,Phylogeny
1493.92960845042,1443.92960845042,Phylogeny
1528.0360806455988,1478.0360806455988,Phylogeny
1103.6505170447067,1053.6505170447067,Phylogeny
1792.1501760886367,1742.1501760886367,Phylogeny
1371.2574425676169,1321.2574425676169,Phylogeny
1153.6908809231127,1103.6908809231127,Phylogeny
1555.8964212025223,1505.8964212025223,Phylogeny
1499.434041526269,1449.434041526269,Phylogeny
1417.2775510827262,1367.2775510827262,Phylogeny
1126.9911121443902,1076.9911121443902,Phylogeny
1871.5122467504043,1821.5122467504043,Phylogeny
1335.7013171799467,1285.7013171799467,Phylogeny
1800.152264873729,1750.152264873729,Phylogeny
1611.3258019714503,1561.3258019714503,Phylogeny
1349.6825557797658,1299.6825557797658,Phylogeny
1292.699464779029,1242.699464779029,Phylogeny
1671.0486322213167,1621.0486322213167,Phylogeny
1453.2376678535497,1403.2376678535497,Phylogeny
1306.6477958228554,1256.6477958228554,Phylogeny
1502.2298639603691,1452.2298639603691,Phylogeny
1426.3873182144791,1376.3873182144791,Phylogeny
1762.9122407556351,1712.9122407556351,Phylogeny
2488.777986264695,2438.777986264695,Phylogeny
1660.5234600113731,1610.5234600113731,Phylogeny
1476.4190423321309,1426.4190423321309,Phylogeny
1734.8546162060056,1684.8546162060056,Phylogeny
1022.7136058051037,972.7136058051037,Phylogeny
2187.231040955387,2137.231040955387,Phylogeny
1655.6925911452047,1605.6925911452047,Phylogeny
1457.8999334929379,1407.8999334929379,Phylogeny
1823.0569130066833,1773.0569130066833,Phylogeny
1664.9198936526968,1614.9198936526968,Phylogeny
1295.8728156689726,1245.8728156689726,Phylogeny
1947.0307065402008,1897.0307065402008,Phylogeny
1523.9008196543127,1473.9008196543127,Phylogeny
1228.0993946167414,1178.0993946167414,Phylogeny
1298.7664229404088,1248.7664229404088,Phylogeny
857.097458271907,807.097458271907,Phylogeny
1459.9966992498407,1409.9966992498407,Phylogeny
1795.1991114907833,1745.1991114907833,Phylogeny
1031.2918446474605,981.2918446474605,Phylogeny
1815.4035054185927,1765.4035054185927,Phylogeny
1305.9668137582203,1255.9668137582203,Phylogeny
1129.9046806310098,1079.9046806310098,Phylogeny
1417.3308736792192,1367.3308736792192,Phylogeny
1234.170870804893,1184.170870804893,Phylogeny
1625.6599360941932,1575.6599360941932,Phylogeny
1810.2039153308056,1760.2039153308056,Phylogeny
1181.4781600514846,1131.4781600514846,Phylogeny
1481.4746117079117,1431.4746117079117,Phylogeny
1738.200289021273,1688.200289021273,Phylogeny
1382.336162708132,1332.336162708132,Phylogeny
1544.89549204332,1494.89549204332,Phylogeny
1348.2428342098858,1298.2428342098858,Phylogeny
1635.208200195827,1585.208200195827,Phylogeny
1224.350990004833,1174.350990004833,Phylogeny
1376.702561751651,1326.702561751651,Phylogeny
1565.6242658804692,1515.6242658804692,Phylogeny
1412.5576255600752,1362.5576255600752,Phylogeny
990.749307658507,940.749307658507,Phylogeny
1259.8827948360185,1209.8827948360185,Phylogeny
1840.4311709812441,1790.4311709812441,Phylogeny
1417.819522810512,1367.819522810512,Phylogeny
1248.7447006906498,1198.7447006906498,Phylogeny
1164.4065172461633,1114.4065172461633,Phylogeny
1294.20087451977,1244.20087451977,Phylogeny
1299.5913348257009,1249.5913348257009,Phylogeny
1218.9889757687076,1168.9889757687076,Phylogeny
1578.2699709352905,1528.2699709352905,Phylogeny
1512.541643742514,1462.541643742514,Phylogeny
1326.361703519918,1276.361703519918,Phylogeny
1228.1877874063807,1178.1877874063807,Phylogeny
1213.0971430521245,1163.0971430521245,Phylogeny
1321.7286339740308,1271.7286339740308,Phylogeny
1273.2622698545015,1223.2622698545015,Phylogeny
1332.9301005347738,1282.9301005347738,Phylogeny
1411.0914802768164,1361.0914802768164,Phylogeny
1748.0943232128768,1698.0943232128768,Phylogeny
1416.7909347683344,1366.7909347683344,Phylogeny
1561.0825669693202,1511.0825669693202,Phylogeny
1058.3755173045852,1008.3755173045852,Phylogeny
1530.6884510264565,1480.6884510264565,Phylogeny
1305.2124152042018,1255.2124152042018,Phylogeny
1660.5074022885578,1610.5074022885578,Phylogeny
1290.070966237993,1240.070966237993,Phylogeny
1616.1510822949722,1566.1510822949722,Phylogeny
1626.9954688173082,1576.9954688173082,Phylogeny
1519.9924554441197,1469.9924554441197,Phylogeny
2036.277523540099,1986.277523540099,Phylogeny
1235.5190035077405,1185.5190035077405,Phylogeny
1523.990080313615,1473.990080313615,Phylogeny
1058.5461067322658,1008.5461067322658,Phylogeny
1736.3641528958676,1686.3641528958676,Phylogeny
1767.2754390364355,1717.2754390364355,Phylogeny
1312.9073381159833,1262.9073381159833,Phylogeny
1162.7465445811995,1112.7465445811995,Phylogeny
1770.4559020627166,1720.4559020627166,Phylogeny
1431.8825672363862,1381.8825672363862,Phylogeny
1550.6536171264893,1500.6536171264893,Phylogeny
1246.7666294209948,1196.7666294209948,Phylogeny
1150.346035298573,1100.346035298573,Phylogeny
1366.4319321185812,1316.4319321185812,Phylogeny
1597.0563463952685,1547.0563463952685,Phylogeny
2193.5576439581155,2143.5576439581155,Phylogeny
1297.8008178525731,1247.8008178525731,Phylogeny
1175.5349103986061,1125.5349103986061,Phylogeny
1720.670098232049,1670.670098232049,Phylogeny
1453.5842930208505,1403.5842930208505,Phylogeny
1550.5175468778923,1500.5175468778923,Phylogeny
1700.7583049356717,1650.7583049356717,Phylogeny
1739.2677623623756,1689.2677623623756,Phylogeny
1235.252677213208,1185.252677213208,Phylogeny
1335.1390180947524,1285.1390180947524,Phylogeny
1426.169521095891,1376.169521095891,Phylogeny
1197.4050162777858,1147.4050162777858,Phylogeny
1007.3469926425971,957.3469926425971,Phylogeny
1540.784836324338,1490.784836324338,Phylogeny
1190.3365110529865,1140.3365110529865,Phylogeny
1290.2535259875765,1240.2535259875765,Phylogeny
1196.2960285654335,1146.2960285654335,Phylogeny
1503.3570945747392,1453.3570945747392,Phylogeny
1560.350726457527,1510.350726457527,Phylogeny
1422.010656293423,1372.010656293423,Phylogeny
1844.2872937027123,1794.2872937027123,Phylogeny
1361.6896571998132,1311.6896571998132,Phylogeny
1612.6882418198045,1562.6882418198045,Phylogeny
1279.2983053641706,1229.2983053641706,Phylogeny
1188.0946281370436,1138.0946281370436,Phylogeny
1765.0684952916758,1715.0684952916758,Phylogeny
1343.1614851472214,1293.1614851472214,Phylogeny
1438.2607166490418,1388.2607166490418,Phylogeny
1753.886436863356,1703.886436863356,Phylogeny
1607.422344394776,1557.422344394776,Phylogeny
1797.6383397929649,1747.6383397929649,Phylogeny
1888.0448709476616,1838.0448709476616,Phylogeny
1635.2101087974793,1585.2101087974793,Phylogeny
1776.2700036309216,1726.2700036309216,Phylogeny
1778.517022755814,1728.517022755814,Phylogeny
1482.8181065309027,1432.8181065309027,Phylogeny
1758.3395228401857,1708.3395228401857,Phylogeny
1428.5376457737977,1378.5376457737977,Phylogeny
1476.106813922721,1426.106813922721,Phylogeny
1511.8289891987397,1461.8289891987397,Phylogeny
1384.7024296562167,1334.7024296562167,Phylogeny
1424.402872836492,1374.402872836492,Phylogeny
1790.5652527418065,1740.5652527418065,Phylogeny
1451.0272161249695,1401.0272161249695,Phylogeny
1422.9714120409596,1372.9714120409596,Phylogeny
1719.7946875634593,1669.7946875634593,Phylogeny
1720.6185221723172,1670.6185221723172,Phylogeny
2257.706643422566,2207.706643422566,Phylogeny
1750.4123146961372,1700.4123146961372,Phylogeny
1828.5434206966465,1778.5434206966465,Phylogeny
1299.890179955793,1249.890179955793,Phylogeny
1668.5727837278641,1618.5727837278641,Phylogeny
1425.3609167439763,1375.3609167439763,Phylogeny
2099.653312321971,2049.653312321971,Phylogeny
1587.6247947134468,1537.6247947134468,Phylogeny
1458.408490078902,1408.408490078902,Phylogeny
1257.738017864131,1207.738017864131,Phylogeny
1368.3518165873738,1318.3518165873738,Phylogeny
1271.2730529928745,1221.2730529928745,Phylogeny
1413.9755124290984,1363.9755124290984,Phylogeny
1290.7411036347357,1240.7411036347357,Phylogeny
1472.3159859609054,1422.3159859609054,Phylogeny
1388.529589494096,1338.529589494096,Phylogeny
1323.3325392378836,1273.3325392378836,Phylogeny
1390.324343310986,1340.324343310986,Phylogeny
2233.919197280503,2183.919197280503,Phylogeny
1233.811923192754,1183.811923192754,Phylogeny
1018.6762414305127,968.6762414305127,Phylogeny
1969.5956470556694,1919.5956470556694,Phylogeny
1851.674520789116,1801.674520789116,Phylogeny
1525.1448768531413,1475.1448768531413,Phylogeny
1139.4003838607396,1089.4003838607396,Phylogeny
1234.3717058864836,1184.3717058864836,Phylogeny
1467.7510942534557,1417.7510942534557,Phylogeny
1538.3137397455148,1488.3137397455148,Phylogeny
1186.3651778702522,1136.3651778702522,Phylogeny
1612.928148520201,1562.928148520201,Phylogeny
1057.7503597034627,1007.7503597034627,Phylogeny
1534.263937163237,1484.263937163237,Phylogeny
1160.896135484188,1110.896135484188,Phylogeny
1184.1339705738972,1134.1339705738972,Phylogeny
1317.021924748261,1267.021924748261,Phylogeny
1216.9372999193197,1166.9372999193197,Phylogeny
1372.356133643291,1322.356133643291,Phylogeny
1343.2314677643662,1293.2314677643662,Phylogeny
1255.4704626375253,1205.4704626375253,Phylogeny
1367.7871470063478,1317.7871470063478,Phylogeny
1971.8957234495417,1921.8957234495417,Phylogeny
1106.8458743245183,1056.8458743245183,Phylogeny
1441.301972373873,1391.301972373873,Phylogeny
1191.75332344394,1141.75332344394,Phylogeny
1991.9414634189438,1941.9414634189438,Phylogeny
1379.177950518926,1329.177950518926,Phylogeny
1287.6583708376795,1237.6583708376795,Phylogeny
1702.5395850814004,1652.5395850814004,Phylogeny
1761.3061743317776,1711.3061743317776,Phylogeny
1764.003552158144,1714.003552158144,Phylogeny
1283.382186266713,1233.382186266713,Phylogeny
1313.0603815690267,1263.0603815690267,Phylogeny
1494.316987898923,1444.316987898923,Phylogeny
1475.7565398463175,1425.7565398463175,Phylogeny
1283.9803149814038,1233.9803149814038,Phylogeny
1389.3790328002442,1339.3790328002442,Phylogeny
1551.9069707927347,1501.9069707927347,Phylogeny
1744.074433702151,1694.074433702151,Phylogeny
1422.719109168444,1372.719109168444,Phylogeny
1660.9629844728593,1610.9629844728593,Phylogeny
1095.4313279247458,1045.4313279247458,Phylogeny
1548.8977366886838,1498.8977366886838,Phylogeny
1685.4090392881992,1635.4090392881992,Phylogeny
1872.8402661830628,1822.8402661830628,Phylogeny
1417.9041518884198,1367.9041518884198,Phylogeny
1191.8711249856083,1141.8711249856083,Phylogeny
1348.9895866621175,1298.9895866621175,Phylogeny
1983.854848890271,1933.854848890271,Phylogeny
1495.6749682048326,1445.6749682048326,Phylogeny
1113.3260622718003,1063.3260622718003,Phylogeny
1639.2477296469535,1589.2477296469535,Phylogeny
1735.7015487068206,1685.7015487068206,Phylogeny
1568.6487108154868,1518.6487108154868,Phylogeny
1384.6221444821313,1334.6221444821313,Phylogeny
1680.2154531064912,1630.2154531064912,Phylogeny
1621.1342516951754,1571.1342516951754,Phylogeny
1748.9213244264774,1698.9213244264774,Phylogeny
1166.395977554448,1116.395977554448,Phylogeny
1814.1567343238867,1764.1567343238867,Phylogeny
2071.721039031974,2021.7210390319742,Phylogeny
1987.8384990458765,1937.8384990458765,Phylogeny
1516.330169964971,1466.330169964971,Phylogeny
1503.6556539856372,1453.6556539856372,Phylogeny
1320.2123652461016,1270.2123652461016,Phylogeny
1929.674989836186,1879.674989836186,Phylogeny
1302.3419001802436,1252.3419001802436,Phylogeny
1462.4622783171847,1412.4622783171847,Phylogeny
1946.7497479805793,1896.7497479805793,Phylogeny
1882.9467270216985,1832.9467270216985,Phylogeny
1145.675767293669,1095.675767293669,Phylogeny
2399.961995089145,2349.961995089145,Phylogeny
1182.0010835626017,1132.0010835626017,Phylogeny
1759.0197175416997,1709.0197175416997,Phylogeny
1102.9713502370794,1052.9713502370794,Phylogeny
1215.7672150312785,1165.7672150312785,Phylogeny
1807.5452759052116,1757.5452759052116,Phylogeny
1604.2478017645767,1554.2478017645767,Phylogeny
1177.2693287147993,1127.2693287147993,Phylogeny
1350.2873477314333,1300.2873477314333,Phylogeny
1537.7096442666461,1487.7096442666461,Phylogeny
1918.2552113926745,1868.2552113926745,Phylogeny
2415.1972227145716,2365.1972227145716,Phylogeny
1767.8762132327909,1717.8762132327909,Phylogeny
1251.9101259194626,1201.9101259194626,Phylogeny
1525.9923270306836,1475.9923270306836,Phylogeny
1577.4037654735712,1527.4037654735712,Phylogeny
1123.59857382931,1073.59857382931,Phylogeny
1676.225258111913,1626.225258111913,Phylogeny
1112.71648285734,1062.71648285734,Phylogeny
1439.6869935751447,1389.6869935751447,Phylogeny
1165.0030704963463,1115.0030704963463,Phylogeny
1769.685989552371,1719.685989552371,Phylogeny
1019.6594376136234,969.6594376136234,Phylogeny
986.906663823146,936.906663823146,Phylogeny
1964.9563851502585,1914.9563851502585,Phylogeny
1366.615472419784,1316.615472419784,Phylogeny
1748.9311362800272,1698.9311362800272,Phylogeny
1353.5175904768555,1303.5175904768555,Phylogeny
1329.4290066006238,1279.4290066006238,Phylogeny
1855.8697817807351,1805.8697817807351,Phylogeny
1255.2234843284655,1205.2234843284655,Phylogeny
1618.1100057955296,1568.1100057955296,Phylogeny
1536.8662963619818,1486.8662963619818,Phylogeny
1730.118145837379,1680.118145837379,Phylogeny
1668.4722177317126,1618.4722177317126,Phylogeny
1306.9240839093648,1256.9240839093648,Phylogeny
1422.2116073190637,1372.2116073190637,Phylogeny
1158.0377424788844,1108.0377424788844,Phylogeny
1476.4095029711227,1426.4095029711227,Phylogeny
1286.3710831227552,1236.3710831227552,Phylogeny
1546.8705141209732,1496.8705141209732,Phylogeny
1518.6966398346417,1468.6966398346417,Phylogeny
1413.8969141929656,1363.8969141929656,Phylogeny
1156.6772403157102,1106.6772403157102,Phylogeny
1695.2727732163007,1645.2727732163007,Phylogeny
2147.3141032738754,2097.3141032738754,Phylogeny
1518.3334520778708,1468.3334520778708,Phylogeny
1561.9007868058575,1511.9007868058575,Phylogeny
1843.5821707706039,1793.5821707706039,Phylogeny
1319.5749989582807,1269.5749989582807,Phylogeny
1379.9274693430057,1329.9274693430057,Phylogeny
1501.0170420231914,1451.0170420231914,Phylogeny
1470.2085407486302,1420.2085407486302,Phylogeny
1493.8702132039402,1443.8702132039402,Phylogeny
1964.7534528634178,1914.7534528634178,Phylogeny
1578.2288881236154,1528.2288881236154,Phylogeny
1428.0446099205017,1378.0446099205017,Phylogeny
1111.165345745387,1061.165345745387,Phylogeny
1654.5602275249569,1604.5602275249569,Phylogeny
1235.1721253558962,1185.1721253558962,Phylogeny
1304.6182812378102,1254.6182812378102,Phylogeny
1628.038736677986,1578.038736677986,Phylogeny
1820.4301015691485,1770.4301015691485,Phylogeny
1217.7194936794658,1167.7194936794658,Phylogeny
1453.0672849819694,1403.0672849819694,Phylogeny
1316.1470885738709,1266.1470885738709,Phylogeny
1433.6931908538347,1383.6931908538347,Phylogeny
1796.6166277448697,1746.6166277448697,Phylogeny
1790.4166160128632,1740.4166160128632,Phylogeny
1523.1699968871844,1473.1699968871844,Phylogeny
1581.0144337856132,1531.0144337856132,Phylogeny
2082.135166814928,2032.1351668149282,Phylogeny
1469.2660786012607,1419.2660786012607,Phylogeny
1414.4125091612132,1364.4125091612132,Phylogeny
1143.778513938754,1093.778513938754,Phylogeny
1591.1419244558276,1541.1419244558276,Phylogeny
1037.0212060465901,987.0212060465901,Phylogeny
1273.3027710462882,1223.3027710462882,Phylogeny
1367.9447746223054,1317.9447746223054,Phylogeny
1229.5757324954734,1179.5757324954734,Phylogeny
1414.761242329935,1364.761242329935,Phylogeny
1504.7901853876795,1454.7901853876795,Phylogeny
1578.4166200287743,1528.4166200287743,Phylogeny
1413.9992831691252,1363.9992831691252,Phylogeny
1288.6362278056583,1238.6362278056583,Phylogeny
1598.6549219937071,1548.6549219937071,Phylogeny
1832.3331987273348,1782.3331987273348,Phylogeny
1809.728955147426,1759.728955147426,Phylogeny
1555.5814525479475,1505.5814525479475,Phylogeny
1115.3609725243925,1065.3609725243925,Phylogeny
1473.5238798051666,1423.5238798051666,Phylogeny
1532.0536414651006,1482.0536414651006,Phylogeny
2407.8228195911647,2357.8228195911647,Phylogeny
1471.3906727801252,1421.3906727801252,Phylogeny
1367.9880789641986,1317.9880789641986,Phylogeny
1285.7033802199658,1235.7033802199658,Phylogeny
1633.8274750995542,1583.8274750995542,Phylogeny
1461.0210487542963,1411.0210487542963,Phylogeny
1356.1492462151896,1306.1492462151896,Phylogeny
1298.5536859941449,1248.5536859941449,Phylogeny
1441.4224309095036,1391.4224309095036,Phylogeny
1999.4595121353457,1949.4595121353457,Phylogeny
1172.539444875273,1122.539444875273,Phylogeny
1113.5575691925792,1063.5575691925792,Phylogeny
1832.584615817219,1782.584615817219,Phylogeny
1376.939800215831,1326.939800215831,Phylogeny
1317.1808332044,1267.1808332044,Phylogeny
1247.4378352187548,1197.4378352187548,Phylogeny
1549.3242155314572,1499.3242155314572,Phylogeny
1532.432625492604,1482.432625492604,Phylogeny
1798.610345929631,1748.610345929631,Phylogeny
1800.4013837233888,1750.4013837233888,Phylogeny
1731.058949094203,1681.058949094203,Phylogeny
1520.0359751536098,1470.0359751536098,Phylogeny
1533.3600098166999,1483.3600098166999,Phylogeny
1780.4455642521468,1730.4455642521468,Phylogeny
1662.2364478130578,1612.2364478130578,Phylogeny
1340.2041161607842,1290.2041161607842,Phylogeny
1694.8122698765392,1644.8122698765392,Phylogeny
1725.0808454724483,1675.0808454724483,Phylogeny
1428.8431410137264,1378.8431410137264,Phylogeny
1916.7589927131105,1866.7589927131105,Phylogeny
1922.5729617147065,1872.5729617147065,Phylogeny
1569.90807629671,1519.90807629671,Phylogeny
1395.9292924338233,1345.9292924338233,Phylogeny
1258.056110398826,1208.056110398826,Phylogeny
1098.3727885093704,1048.3727885093704,Phylogeny
1088.3260319806025,1038.3260319806025,Phylogeny
1081.3939058422852,1031.3939058422852,Phylogeny
1100.266293638019,1050.266293638019,Phylogeny
1424.4454513319602,1374.4454513319602,Phylogeny
1386.5184375034069,1336.5184375034069,Phylogeny
1115.188309572876,1065.188309572876,Phylogeny
1353.7571545213975,1303.7571545213975,Phylogeny
1118.660006760876,1068.660006760876,Phylogeny
1338.8060759645382,1288.8060759645382,Phylogeny
1563.7090411765141,1513.7090411765141,Phylogeny
1585.926158525769,1535.926158525769,Phylogeny
1963.2850308314087,1913.2850308314087,Phylogeny
1603.0418965847998,1553.0418965847998,Phylogeny
1163.9400951480654,1113.9400951480654,Phylogeny
1650.3273530875417,1600.3273530875417,Phylogeny
1613.0975512546906,1563.0975512546906,Phylogeny
1403.6882721899399,1353.6882721899399,Phylogeny
1086.3734066329412,1036.3734066329412,Phylogeny
1615.2869290222468,1565.2869290222468,Phylogeny
1299.7712675163575,1249.7712675163575,Phylogeny
1079.5881034763465,1029.5881034763465,Phylogeny
1264.8323291687357,1214.8323291687357,Phylogeny
1514.8623288186927,1464.8623288186927,Phylogeny
1732.3320458947542,1682.3320458947542,Phylogeny
1226.3989282463995,1176.3989282463995,Phylogeny
1742.8949247142352,1692.8949247142352,Phylogeny
1412.7934359094568,1362.7934359094568,Phylogeny
1485.917178200657,1435.917178200657,Phylogeny
1619.4457986477155,1569.4457986477155,Phylogeny
1404.518867621299,1354.518867621299,Phylogeny
1031.9016004808818,981.9016004808818,Phylogeny
1524.5442418110401,1474.5442418110401,Phylogeny
1885.9745928023162,1835.9745928023162,Phylogeny
1865.4013128509355,1815.4013128509355,Phylogeny
1569.424112371614,1519.424112371614,Phylogeny
2187.465521779658,2137.465521779658,Phylogeny
1660.3551251122144,1610.3551251122144,Phylogeny
1147.2720550173767,1097.2720550173767,Phylogeny
1536.8505757758126,1486.8505757758126,Phylogeny
1310.7838849455004,1260.7838849455004,Phylogeny
1537.0935154367237,1487.0935154367237,Phylogeny
1404.0748577282206,1354.0748577282206,Phylogeny
1627.374460606164,1577.374460606164,Phylogeny
1363.7852178985413,1313.7852178985413,Phylogeny
1387.7207018253293,1337.7207018253293,Phylogeny
1661.714031713412,1611.714031713412,Phylogeny
1110.4912936415403,1060.4912936415403,Phylogeny
1420.3492016004775,1370.3492016004775,Phylogeny
1768.1074659371293,1718.1074659371293,Phylogeny
1281.2969757557646,1231.2969757557646,Phylogeny
1484.814067363138,1434.814067363138,Phylogeny
1891.5018622010464,1841.5018622010464,Phylogeny
1253.279306612151,1203.279306612151,Phylogeny
1501.6391173021186,1451.6391173021186,Phylogeny
1528.6946034684006,1478.6946034684006,Phylogeny
1544.5730816645923,1494.5730816645923,Phylogeny
1376.4982998181265,1326.4982998181265,Phylogeny
1406.8106459927774,1356.8106459927774,Phylogeny
1752.6162495929316,1702.6162495929316,Phylogeny
1411.7356921436522,1361.7356921436522,Phylogeny
1752.970085781387,1702.970085781387,Phylogeny
1215.2877573538074,1165.2877573538074,Phylogeny
1656.6113426360196,1606.6113426360196,Phylogeny
1765.5211974308017,1715.5211974308017,Phylogeny
2024.6193687578168,1974.6193687578168,Phylogeny
1295.4939993052496,1245.4939993052496,Phylogeny
1420.6400454579773,1370.6400454579773,Phylogeny
1975.5198241811963,1925.5198241811963,Phylogeny
1333.4706775930365,1283.4706775930365,Phylogeny
1275.86514863385,1225.86514863385,Phylogeny
1308.0664101902642,1258.0664101902642,Phylogeny
1326.8081494368225,1276.8081494368225,Phylogeny
1244.0893878280683,1194.0893878280683,Phylogeny
1307.5808659756713,1257.5808659756713,Phylogeny
1407.198894744094,1357.198894744094,Phylogeny
1247.4142973445378,1197.4142973445378,Phylogeny
1512.2548925338747,1462.2548925338747,Phylogeny
1295.4154619614937,1245.4154619614937,Phylogeny
1693.5578255935227,1643.5578255935227,Phylogeny
1065.681801370722,1015.681801370722,Phylogeny
1448.1635917173144,1398.1635917173144,Phylogeny
1497.6878376077705,1447.6878376077705,Phylogeny
1376.8152305079334,1326.8152305079334,Phylogeny
1199.5290317051858,1149.5290317051858,Phylogeny
2097.4664677309365,2047.4664677309365,Phylogeny
1618.7124926968625,1568.7124926968625,Phylogeny
1435.701206615234,1385.701206615234,Phylogeny
1448.7557032777622,1398.7557032777622,Phylogeny
1729.2351783300746,1679.2351783300746,Phylogeny
1730.181698795977,1680.181698795977,Phylogeny
1458.886119917965,1408.886119917965,Phylogeny
1355.6159937728237,1305.6159937728237,Phylogeny
1244.088057067979,1194.088057067979,Phylogeny
1443.9698976227164,1393.9698976227164,Phylogeny
1295.8769503140452,1245.8769503140452,Phylogeny
1370.5205486335735,1320.5205486335735,Phylogeny
1066.597467659799,1016.5974676597989,Phylogeny
1319.4965138284244,1269.4965138284244,Phylogeny
1639.2399462909239,1589.2399462909239,Phylogeny
1506.57245137424,1456.57245137424,Phylogeny
1790.4171723175587,1740.4171723175587,Phylogeny
1693.3974722244557,1643.3974722244557,Phylogeny
1692.0970098846576,1642.0970098846576,Phylogeny
1516.6129370759777,1466.6129370759777,Phylogeny
1821.4303451427002,1771.4303451427002,Phylogeny
1302.7222695149987,1252.7222695149987,Phylogeny
1193.0121272787055,1143.0121272787055,Phylogeny
1382.2369502994545,1332.2369502994545,Phylogeny
1981.617481819107,1931.617481819107,Phylogeny
1686.712306988541,1636.712306988541,Phylogeny
1647.2660463222278,1597.2660463222278,Phylogeny
1105.621232581651,1055.621232581651,Phylogeny
1792.980669341264,1742.980669341264,Phylogeny
1907.335083065217,1857.335083065217,Phylogeny
1430.786586526495,1380.786586526495,Phylogeny
1262.6965799835198,1212.6965799835198,Phylogeny
1578.4214788004197,1528.4214788004197,Phylogeny
1477.9726358441035,1427.9726358441035,Phylogeny
850.9235203727135,800.9235203727135,Phylogeny
1290.1524360096234,1240.1524360096234,Phylogeny
1474.3407538117742,1424.3407538117742,Phylogeny
1543.7595261745996,1493.7595261745996,Phylogeny
1563.566496909301,1513.566496909301,Phylogeny
1350.532660618827,1300.532660618827,Phylogeny
1186.8587823926155,1136.8587823926155,Phylogeny
1625.511204065743,1575.511204065743,Phylogeny
1450.3324531868193,1400.3324531868193,Phylogeny
1659.0397612113547,1609.0397612113547,Phylogeny
1609.1148742282799,1559.1148742282799,Phylogeny
1570.793716124891,1520.793716124891,Phylogeny
2073.5960206874765,2023.5960206874765,Phylogeny
1240.8476676352414,1190.8476676352414,Phylogeny
1546.3816940672668,1496.3816940672668,Phylogeny
1958.3555686248426,1908.3555686248426,Phylogeny
1018.2561330864831,968.2561330864831,Phylogeny
1143.6258454364506,1093.6258454364506,Phylogeny
1216.112559372455,1166.112559372455,Phylogeny
2038.8786255705977,1988.8786255705977,Phylogeny
1041.2608878534506,991.2608878534506,Phylogeny
1421.303633715581,1371.303633715581,Phylogeny
1675.1987325933474,1625.1987325933474,Phylogeny
1771.482995299376,1721.482995299376,Phylogeny
1522.450874089919,1472.450874089919,Phylogeny
1525.9792205058372,1475.9792205058372,Phylogeny
1477.157534437347,1427.157534437347,Phylogeny
1231.3218183847273,1181.3218183847273,Phylogeny
1001.7981329145063,951.7981329145063,Phylogeny
1414.013650410177,1364.013650410177,Phylogeny
1542.8374214634928,1492.8374214634928,Phylogeny
1598.1936842539008,1548.1936842539008,Phylogeny
1143.6069536920288,1093.6069536920288,Phylogeny
1481.244514226839,1431.244514226839,Phylogeny
1286.44073197625,1236.44073197625,Phylogeny
2234.4688742932376,2184.4688742932376,Phylogeny
1544.6310307261538,1494.6310307261538,Phylogeny
1923.3293759683283,1873.3293759683283,Phylogeny
1783.2620675761543,1733.2620675761543,Phylogeny
1457.5105058294225,1407.5105058294225,Phylogeny
1821.5161928109258,1771.5161928109258,Phylogeny
1477.3408179413882,1427.3408179413882,Phylogeny
1759.2437364946331,1709.2437364946331,Phylogeny
1578.4413726512878,1528.4413726512878,Phylogeny
1531.0623215565877,1481.0623215565877,Phylogeny
1387.2168599868382,1337.2168599868382,Phylogeny
1364.6595338804857,1314.6595338804857,Phylogeny
1800.074883470573,1750.074883470573,Phylogeny
1308.9437383907464,1258.9437383907464,Phylogeny
2781.0933835541255,2731.0933835541255,Phylogeny
1628.0492809874206,1578.0492809874206,Phylogeny
1056.2421293172451,1006.2421293172451,Phylogeny
1048.7717273227981,998.7717273227981,Phylogeny
1199.3625781377484,1149.3625781377484,Phylogeny
1455.1145359607308,1405.1145359607308,Phylogeny
1491.9384723689157,1441.9384723689157,Phylogeny
1087.4829855226294,1037.4829855226294,Phylogeny
1373.4121500842775,1323.4121500842775,Phylogeny
1126.1091841440862,1076.1091841440862,Phylogeny
1457.5251471318543,1407.5251471318543,Phylogeny
1764.8737412330483,1714.8737412330483,Phylogeny
2120.6757545327073,2070.6757545327073,Phylogeny
1496.2980320201111,1446.2980320201111,Phylogeny
1574.4811719361587,1524.4811719361587,Phylogeny
1644.7719427496938,1594.7719427496938,Phylogeny
1157.394731726989,1107.394731726989,Phylogeny
1371.4027045993344,1321.4027045993344,Phylogeny
1438.9186877306042,1388.9186877306042,Phylogeny
1562.7801168910887,1512.7801168910887,Phylogeny
1778.72093472,1728.72093472,Phylogeny
1362.281856588527,1312.281856588527,Phylogeny
1874.4146406842367,1824.4146406842367,Phylogeny
1608.822784380693,1558.822784380693,Phylogeny
1203.3665351832826,1153.3665351832826,Phylogeny
1625.6264552902026,1575.6264552902026,Phylogeny
1492.6569147368089,1442.6569147368089,Phylogeny
1641.0263008880747,1591.0263008880747,Phylogeny
1636.3509532473536,1586.3509532473536,Phylogeny
1308.7035728463147,1258.7035728463147,Phylogeny
1225.9533771282404,1175.9533771282404,Phylogeny
1072.6257413143132,1022.6257413143132,Phylogeny
1147.1605909475384,1097.1605909475384,Phylogeny
1303.626003262653,1253.626003262653,Phylogeny
1306.8243119497902,1256.8243119497902,Phylogeny
1330.2275799991228,1280.2275799991228,Phylogeny
1750.579997086728,1700.579997086728,Phylogeny
1872.6313692980532,1822.6313692980532,Phylogeny
1658.263897513676,1608.263897513676,Phylogeny
1518.5080638785694,1468.5080638785694,Phylogeny
1575.98430451672,1525.98430451672,Phylogeny
1263.5181128862077,1213.5181128862077,Phylogeny
1517.239257524673,1467.239257524673,Phylogeny
1012.2278299998248,962.2278299998248,Phylogeny
1637.034534041371,1587.034534041371,Phylogeny
1193.8219159249072,1143.8219159249072,Phylogeny
1489.678440730048,1439.678440730048,Phylogeny
1567.6341919964698,1517.6341919964698,Phylogeny
1497.1832948642873,1447.1832948642873,Phylogeny
1569.1396411904366,1519.1396411904366,Phylogeny
1438.7790972981131,1388.7790972981131,Phylogeny
1660.3490280422186,1610.3490280422186,Phylogeny
1352.8942298277784,1302.8942298277784,Phylogeny
1462.566165365975,1412.566165365975,Phylogeny
1845.9629831413122,1795.9629831413122,Phylogeny
1201.1926299435443,1151.1926299435443,Phylogeny
1618.5783362665456,1568.5783362665456,Phylogeny
1814.5818564432295,1764.5818564432295,Phylogeny
1295.3277786333792,1245.3277786333792,Phylogeny
1679.6379068223478,1629.6379068223478,Phylogeny
1267.395693628533,1217.395693628533,Phylogeny
1234.182341708541,1184.182341708541,Phylogeny
1589.047545241813,1539.047545241813,Phylogeny
1158.5980137678089,1108.5980137678089,Phylogeny
1279.215007953535,1229.215007953535,Phylogeny
1639.2598559217597,1589.2598559217597,Phylogeny
1547.9631500758762,1497.9631500758762,Phylogeny
1383.0811956401012,1333.0811956401012,Phylogeny
1815.626435125554,1765.626435125554,Phylogeny
1425.4794871914394,1375.4794871914394,Phylogeny
2534.481959168436,2484.481959168436,Phylogeny
1716.4696997596493,1666.4696997596493,Phylogeny
1403.4301216255142,1353.4301216255142,Phylogeny
1677.4252108081428,1627.4252108081428,Phylogeny
1159.491688028104,1109.491688028104,Phylogeny
1477.5642482804037,1427.5642482804037,Phylogeny
1744.967789176231,1694.967789176231,Phylogeny
1415.6750801557016,1365.6750801557016,Phylogeny
1233.9584101728422,1183.9584101728422,Phylogeny
1988.8784998288038,1938.8784998288038,Phylogeny
1246.2469201003425,1196.2469201003425,Phylogeny
1356.7439227156228,1306.7439227156228,Phylogeny
1534.705282242536,1484.705282242536,Phylogeny
1692.5114932036206,1642.5114932036206,Phylogeny
1235.2589144983663,1185.2589144983663,Phylogeny
1301.6546032215813,1251.6546032215813,Phylogeny
1184.6693869217618,1134.6693869217618,Phylogeny
1602.0819794193997,1552.0819794193997,Phylogeny
1710.28307486392,1660.28307486392,Phylogeny
958.6812320928252,908.6812320928252,Phylogeny
1169.35329802574,1119.35329802574,Phylogeny
1429.5818929270827,1379.5818929270827,Phylogeny
1378.5537690289564,1328.5537690289564,Phylogeny
1503.1132529762417,1453.1132529762417,Phylogeny
1251.0733383797128,1201.0733383797128,Phylogeny
1418.7345814038822,1368.7345814038822,Phylogeny
1707.9664745443533,1657.9664745443533,Phylogeny
1860.092100436715,1810.092100436715,Phylogeny
1224.5473573530585,1174.5473573530585,Phylogeny
1070.3410210917946,1020.3410210917946,Phylogeny
1110.9726222666136,1060.9726222666136,Phylogeny
1282.9351159302662,1232.9351159302662,Phylogeny
1800.9319334700572,1750.9319334700572,Phylogeny
1699.2510960805594,1649.2510960805594,Phylogeny
1827.5083669014855,1777.5083669014855,Phylogeny
1284.4087927237451,1234.4087927237451,Phylogeny
1285.9739993082871,1235.9739993082871,Phylogeny
1050.3631992125638,1000.3631992125638,Phylogeny
1594.7119602663101,1544.7119602663101,Phylogeny
1111.6065003464082,1061.6065003464082,Phylogeny
971.3070390314372,921.3070390314372,Phylogeny
1079.6537217701607,1029.6537217701607,Phylogeny
1362.7948088040096,1312.7948088040096,Phylogeny
1911.9358959485403,1861.9358959485403,Phylogeny
1564.2041973064984,1514.2041973064984,Phylogeny
1358.7400155121604,1308.7400155121604,Phylogeny
1305.6348315029718,1255.6348315029718,Phylogeny
1288.20031523306,1238.20031523306,Phylogeny
1871.4287077571234,1821.4287077571234,Phylogeny
1476.7532031384085,1426.7532031384085,Phylogeny
1379.8701943656492,1329.8701943656492,Phylogeny
1595.1532178465834,1545.1532178465834,Phylogeny
1449.8588709882213,1399.8588709882213,Phylogeny
2038.8677254789875,1988.8677254789875,Phylogeny
1501.3475627796402,1451.3475627796402,Phylogeny
1183.4341785479837,1133.4341785479837,Phylogeny
1243.5372952125133,1193.5372952125133,Phylogeny
1217.8588785898357,1167.8588785898357,Phylogeny
1217.8708804805988,1167.8708804805988,Phylogeny
1196.542631741686,1146.542631741686,Phylogeny
1127.0532213714228,1077.0532213714228,Phylogeny
993.8267816128408,943.8267816128408,Phylogeny
1734.3759876780684,1684.3759876780684,Phylogeny
1154.2219934478674,1104.2219934478674,Phylogeny
1320.9926251512381,1270.9926251512381,Phylogeny
1728.097229667578,1678.097229667578,Phylogeny
1698.6689023489482,1648.6689023489482,Phylogeny
1649.5859223723967,1599.5859223723967,Phylogeny
1295.068053203744,1245.068053203744,Phylogeny
1545.6973323322707,1495.6973323322707,Phylogeny
1311.588619843662,1261.588619843662,Phylogeny
1354.598107496775,1304.598107496775,Phylogeny
1202.7141923056902,1152.7141923056902,Phylogeny
1224.8000500295952,1174.8000500295952,Phylogeny
1432.3932733846473,1382.3932733846473,Phylogeny
1337.601416857643,1287.601416857643,Phylogeny
1191.6332212844811,1141.6332212844811,Phylogeny
1532.235678752525,1482.235678752525,Phylogeny
1223.983242263298,1173.983242263298,Phylogeny
2011.523162181903,1961.523162181903,Phylogeny
1519.637198646363,1469.637198646363,Phylogeny
1478.2186156089047,1428.2186156089047,Phylogeny
1515.2751554670122,1465.2751554670122,Phylogeny
1397.1496976362232,1347.1496976362232,Phylogeny
1595.616465091662,1545.616465091662,Phylogeny
1270.0981202658018,1220.0981202658018,Phylogeny
1021.748917718634,971.748917718634,Phylogeny
1333.7520917741936,1283.7520917741936,Phylogeny
1564.1142707023876,1514.1142707023876,Phylogeny
1343.3687574902956,1293.3687574902956,Phylogeny
1727.7449952022225,1677.7449952022225,Phylogeny
1630.292400041344,1580.292400041344,Phylogeny
1459.6876653529525,1409.6876653529525,Phylogeny
2179.373733711192,2129.373733711192,Phylogeny
1545.6693969882408,1495.6693969882408,Phylogeny
1071.4190958416486,1021.4190958416486,Phylogeny
1317.4816041010065,1267.4816041010065,Phylogeny
1266.0168299279394,1216.0168299279394,Phylogeny
1342.8215545759554,1292.8215545759554,Phylogeny
1683.7158957928025,1633.7158957928025,Phylogeny
1333.371110721802,1283.371110721802,Phylogeny
1959.8390625351922,1909.8390625351922,Phylogeny
1387.8914723049627,1337.8914723049627,Phylogeny
1232.347962726198,1182.347962726198,Phylogeny
1142.9071201388028,1092.9071201388028,Phylogeny
2350.0750818636407,2300.0750818636407,Phylogeny
1283.3200597369512,1233.3200597369512,Phylogeny
1411.8733786092766,1361.8733786092766,Phylogeny
1364.476486010479,1314.476486010479,Phylogeny
1525.2852102062166,1475.2852102062166,Phylogeny
1607.2637340304582,1557.2637340304582,Phylogeny
1486.1222500695937,1436.1222500695937,Phylogeny
1701.4851165383145,1651.4851165383145,Phylogeny
1784.3267834634892,1734.3267834634892,Phylogeny
1444.4711995451337,1394.4711995451337,Phylogeny
1164.2385453853417,1114.2385453853417,Phylogeny
2790.713425978096,2740.713425978096,Phylogeny
1538.007846996039,1488.007846996039,Phylogeny
1758.8684546362256,1708.8684546362256,Phylogeny
1219.9560342159216,1169.9560342159216,Phylogeny
1896.7087223813694,1846.7087223813694,Phylogeny
1349.1858337928386,1299.1858337928386,Phylogeny
1279.3645016531586,1229.3645016531586,Phylogeny
1237.155482951377,1187.155482951377,Phylogeny
1344.1618276693455,1294.1618276693455,Phylogeny
2316.1630137129787,2266.1630137129787,Phylogeny
1744.570345801321,1694.570345801321,Phylogeny
1459.5402454556663,1409.5402454556663,Phylogeny
1404.5942389289655,1354.5942389289655,Phylogeny
2000.7235208939705,1950.7235208939705,Phylogeny
2600.34434133716,2550.34434133716,Phylogeny
1381.8598384251425,1331.8598384251425,Phylogeny
1891.5608927770074,1841.5608927770074,Phylogeny
1592.918082374993,1542.918082374993,Phylogeny
1568.291386821536,1518.291386821536,Phylogeny
1159.9477072024242,1109.9477072024242,Phylogeny
1282.1424959909866,1232.1424959909866,Phylogeny
1199.2696687431144,1149.2696687431144,Phylogeny
1728.3136004340413,1678.3136004340413,Phylogeny
1316.3129732151997,1266.3129732151997,Phylogeny
1355.8441186328678,1305.8441186328678,Phylogeny
1361.100106864056,1311.100106864056,Phylogeny
1373.8986679904247,1323.8986679904247,Phylogeny
1535.0911963989895,1485.0911963989895,Phylogeny
1826.4300339761503,1776.4300339761503,Phylogeny
1462.4120742958999,1412.4120742958999,Phylogeny
1861.8236587087715,1811.8236587087715,Phylogeny
1276.5009451271085,1226.5009451271085,Phylogeny
1626.0775901477568,1576.0775901477568,Phylogeny
1780.065405757597,1730.065405757597,Phylogeny
1492.4652853356106,1442.4652853356106,Phylogeny
1765.2512780366792,1715.2512780366792,Phylogeny
1365.5606460314461,1315.5606460314461,Phylogeny
1471.7810123841896,1421.7810123841896,Phylogeny
1457.5943558495792,1407.5943558495792,Phylogeny
1536.4328699107111,1486.4328699107111,Phylogeny
1640.4465600311862,1590.4465600311862,Phylogeny
1771.1777162289807,1721.1777162289807,Phylogeny
1414.2119654477033,1364.2119654477033,Phylogeny
1591.4242925073613,1541.4242925073613,Phylogeny
1173.796179428915,1123.796179428915,Phylogeny
1528.0215734016517,1478.0215734016517,Phylogeny
1303.1352691142736,1253.1352691142736,Phylogeny
1330.496528788043,1280.496528788043,Phylogeny
1697.6255801319585,1647.6255801319585,Phylogeny
1570.5375267596567,1520.5375267596567,Phylogeny
1369.4751338525984,1319.4751338525984,Phylogeny
1245.1472894448511,1195.1472894448511,Phylogeny
1401.2994366159724,1351.2994366159724,Phylogeny
1451.331118366831,1401.331118366831,Phylogeny
1425.5779155039377,1375.5779155039377,Phylogeny
1588.8993178735236,1538.8993178735236,Phylogeny
1789.5942962812633,1739.5942962812633,Phylogeny
1385.377736620348,1335.377736620348,Phylogeny
1251.978150092955,1201.978150092955,Phylogeny
1407.819766871589,1357.819766871589,Phylogeny
1696.83194699873,1646.83194699873,Phylogeny
1157.8328700007303,1107.8328700007303,Phylogeny
1100.1496724379394,1050.1496724379394,Phylogeny
1615.8827306874587,1565.8827306874587,Phylogeny
1487.0053923883577,1437.0053923883577,Phylogeny
2435.838470699331,2385.838470699331,Phylogeny
1564.1568937880947,1514.1568937880947,Phylogeny
1348.1481871981155,1298.1481871981155,Phylogeny
1614.4958813320154,1564.4958813320154,Phylogeny
1447.367387343968,1397.367387343968,Phylogeny
1559.762241066036,1509.762241066036,Phylogeny
2219.003312818822,2169.003312818822,Phylogeny
1133.8109041946504,1083.8109041946504,Phylogeny
2041.6531857433206,1991.6531857433206,Phylogeny
1703.28399833103,1653.28399833103,Phylogeny
1672.8565301425335,1622.8565301425335,Phylogeny
1548.8552451732578,1498.8552451732578,Phylogeny
1059.5105565227168,1009.5105565227168,Phylogeny
1357.13916289802,1307.13916289802,Phylogeny
1305.1386922932522,1255.1386922932522,Phylogeny
1576.6961988641701,1526.6961988641701,Phylogeny
1589.2210644343545,1539.2210644343545,Phylogeny
1510.551672915094,1460.551672915094,Phylogeny
1107.60864225207,1057.60864225207,Phylogeny
1150.3866965407872,1100.3866965407872,Phylogeny
1143.603886405923,1093.603886405923,Phylogeny
1188.3390280296253,1138.3390280296253,Phylogeny
1802.0236314845142,1752.0236314845142,Phylogeny
1442.5624644245936,1392.5624644245936,Phylogeny
1320.29172373713,1270.29172373713,Phylogeny
1597.0466592865127,1547.0466592865127,Phylogeny
1362.2541032299198,1312.2541032299198,Phylogeny
1339.753803998439,1289.753803998439,Phylogeny
1411.9140320238262,1361.9140320238262,Phylogeny
1644.6714773603808,1594.6714773603808,Phylogeny
1966.6436383684972,1916.6436383684972,Phylogeny
1132.938107955233,1082.938107955233,Phylogeny
911.3672308334747,861.3672308334747,Phylogeny
1266.4391177818784,1216.4391177818784,Phylogeny
1212.9645653527894,1162.9645653527894,Phylogeny
1339.958599003047,1289.958599003047,Phylogeny
1689.8095853211844,1639.8095853211844,Phylogeny
2175.9181838962772,2125.9181838962772,Phylogeny
1781.4137652254176,1731.4137652254176,Phylogeny
1999.2105835000752,1949.2105835000752,Phylogeny
1105.261477910544,1055.261477910544,Phylogeny
1583.8953758543691,1533.8953758543691,Phylogeny
1416.0794549668103,1366.0794549668103,Phylogeny
1897.5659869788578,1847.5659869788578,Phylogeny
1157.4121552699303,1107.4121552699303,Phylogeny
1448.1119591382744,1398.1119591382744,Phylogeny
1048.9369741231708,998.9369741231708,Phylogeny
1243.1321769922201,1193.1321769922201,Phylogeny
1174.5063959734844,1124.5063959734844,Phylogeny
1481.2078594447944,1431.2078594447944,Phylogeny
1468.3971812779432,1418.3971812779432,Phylogeny
1466.9167524401269,1416.9167524401269,Phylogeny
1116.2966944784341,1066.2966944784341,Phylogeny
1355.6408962867893,1305.6408962867893,Phylogeny
1628.763530441695,1578.763530441695,Phylogeny
1817.1135340334954,1767.1135340334954,Phylogeny
1912.4607343001635,1862.4607343001635,Phylogeny
1951.5199259237093,1901.5199259237093,Phylogeny
2055.158950833056,2005.1589508330562,Phylogeny
1818.6748395330906,1768.6748395330906,Phylogeny
1776.1856806413073,1726.1856806413073,Phylogeny
1456.0123178409692,1406.0123178409692,Phylogeny
1911.211794982312,1861.211794982312,Phylogeny
1293.4017139603475,1243.4017139603475,Phylogeny
1265.8166726852821,1215.8166726852821,Phylogeny
1566.756989240536,1516.756989240536,Phylogeny
1501.416862216402,1451.416862216402,Phylogeny
1458.5545784164553,1408.5545784164553,Phylogeny
1499.0238745548431,1449.0238745548431,Phylogeny
1467.0220914637946,1417.0220914637946,Phylogeny
1444.466735700902,1394.466735700902,Phylogeny
1464.8173209654847,1414.8173209654847,Phylogeny
1475.2767315464198,1425.2767315464198,Phylogeny
1367.8131289939215,1317.8131289939215,Phylogeny
1202.0194995488382,1152.0194995488382,Phylogeny
1571.140231158517,1521.140231158517,Phylogeny
1822.4674983707087,1772.4674983707087,Phylogeny
2066.9046975955353,2016.9046975955353,Phylogeny
1408.0579295421917,1358.0579295421917,Phylogeny
1228.3577924738274,1178.3577924738274,Phylogeny
1125.7545716268028,1075.7545716268028,Phylogeny
1226.9183183903617,1176.9183183903617,Phylogeny
2387.068495341782,2337.068495341782,Phylogeny
1172.1007663659882,1122.1007663659882,Phylogeny
1126.2028071628697,1076.2028071628697,Phylogeny
1705.9651879776738,1655.9651879776738,Phylogeny
1110.0600307930374,1060.0600307930374,Phylogeny
1503.6620089695775,1453.6620089695775,Phylogeny
1151.7865372360848,1101.7865372360848,Phylogeny
1130.35627451952,1080.35627451952,Phylogeny
1486.5761484187606,1436.5761484187606,Phylogeny
1173.9824866597344,1123.9824866597344,Phylogeny
1368.1827541582134,1318.1827541582134,Phylogeny
1332.3246028693836,1282.3246028693836,Phylogeny
1130.827001219038,1080.827001219038,Phylogeny
985.1269959283561,935.1269959283561,Phylogeny
1454.9719671920377,1404.9719671920377,Phylogeny
1924.1128433003112,1874.1128433003112,Phylogeny
1259.6217289788633,1209.6217289788633,Phylogeny
1500.469087090798,1450.469087090798,Phylogeny
902.3905685262237,852.3905685262237,Phylogeny
1554.854869216355,1504.854869216355,Phylogeny
1388.9239441827854,1338.9239441827854,Phylogeny
1033.1938621686452,983.1938621686452,Phylogeny
1704.4593636745597,1654.4593636745597,Phylogeny
1705.5322827575949,1655.5322827575949,Phylogeny
1315.389512606547,1265.389512606547,Phylogeny
1252.769916845894,1202.769916845894,Phylogeny
1272.7937632778978,1222.7937632778978,Phylogeny
1288.1678920657141,1238.1678920657141,Phylogeny
1745.7858960722538,1695.7858960722538,Phylogeny
1217.9221002673519,1167.9221002673519,Phylogeny
2178.0317270151345,2128.0317270151345,Phylogeny
2026.284557256372,1976.284557256372,Phylogeny
1547.611503447339,1497.611503447339,Phylogeny
1693.1818142410805,1643.1818142410805,Phylogeny
1205.9539859399508,1155.9539859399508,Phylogeny
1614.836958763299,1564.836958763299,Phylogeny
1609.4260733652086,1559.4260733652086,Phylogeny
1533.667662852621,1483.667662852621,Phylogeny
1758.4019064395316,1708.4019064395316,Phylogeny
