parameter,cal_AD,cal_BP,density
Start Pacacocha,-165,2115,0
Start Pacacocha,-160,2110,0.00000992034
Start Pacacocha,-155,2105,0.00000594851
Start Pacacocha,-150,2100,0.00000942156
Start Pacacocha,-145,2095,0.0000156287
Start Pacacocha,-140,2090,0.0000171158
Start Pacacocha,-135,2085,0.0000195913
Start Pacacocha,-130,2080,0.0000240619
Start Pacacocha,-125,2075,0.0000238125
Start Pacacocha,-120,2070,0.0000188523
Start Pacacocha,-115,2065,0.0000305092
Start Pacacocha,-110,2060,0.0000342224
Start Pacacocha,-105,2055,0.0000332341
Start Pacacocha,-100,2050,0.0000367071
Start Pacacocha,-95,2045,0.0000421661
Start Pacacocha,-90,2040,0.0000565478
Start Pacacocha,-85,2035,0.0000458793
Start Pacacocha,-80,2030,0.0000637433
Start Pacacocha,-75,2025,0.0000582843
Start Pacacocha,-70,2020,0.0000654798
Start Pacacocha,-65,2015,0.0000659694
Start Pacacocha,-60,2010,0.0000749014
Start Pacacocha,-55,2005,0.0000719271
Start Pacacocha,-50,2000,0.0000806097
Start Pacacocha,-45,1995,0.0000992034
Start Pacacocha,-40,1990,0.00012624
Start Pacacocha,-35,1985,0.000143106
Start Pacacocha,-30,1980,0.000167159
Start Pacacocha,-25,1975,0.000199903
Start Pacacocha,-20,1970,0.000206351
Start Pacacocha,-15,1965,0.000239335
Start Pacacocha,-10,1960,0.000233876
Start Pacacocha,-5,1955,0.00027232
Start Pacacocha,0,1950,0.000262649
Start Pacacocha,5,1945,0.000293897
Start Pacacocha,10,1940,0.000309775
Start Pacacocha,15,1935,0.000330854
Start Pacacocha,20,1930,0.000345485
Start Pacacocha,25,1925,0.000393849
Start Pacacocha,30,1920,0.000408979
Start Pacacocha,35,1915,0.000460816
Start Pacacocha,40,1910,0.000491814
Start Pacacocha,45,1905,0.000529261
Start Pacacocha,50,1900,0.000562993
Start Pacacocha,55,1895,0.000579361
Start Pacacocha,60,1890,0.000643603
Start Pacacocha,65,1885,0.00067559
Start Pacacocha,70,1880,0.000721728
Start Pacacocha,75,1875,0.000787947
Start Pacacocha,80,1870,0.000847718
Start Pacacocha,85,1865,0.00094791
Start Pacacocha,90,1860,0.000997022
Start Pacacocha,95,1855,0.00108159
Start Pacacocha,100,1850,0.0010992
Start Pacacocha,105,1845,0.00117113
Start Pacacocha,110,1840,0.00123239
Start Pacacocha,115,1835,0.00132167
Start Pacacocha,120,1830,0.00143303
Start Pacacocha,125,1825,0.00150024
Start Pacacocha,130,1820,0.00152033
Start Pacacocha,135,1815,0.00167014
Start Pacacocha,140,1810,0.00172619
Start Pacacocha,145,1805,0.00181101
Start Pacacocha,150,1800,0.00194394
Start Pacacocha,155,1795,0.00202306
Start Pacacocha,160,1790,0.00215227
Start Pacacocha,165,1785,0.00224355
Start Pacacocha,170,1780,0.00232241
Start Pacacocha,175,1775,0.002406
Start Pacacocha,180,1770,0.002561
Start Pacacocha,185,1765,0.00266666
Start Pacacocha,190,1760,0.00270038
Start Pacacocha,195,1755,0.00283357
Start Pacacocha,200,1750,0.00294765
Start Pacacocha,205,1745,0.00303967
Start Pacacocha,210,1740,0.00318996
Start Pacacocha,215,1735,0.00332786
Start Pacacocha,220,1730,0.00343624
Start Pacacocha,225,1725,0.00358307
Start Pacacocha,230,1720,0.00368575
Start Pacacocha,235,1715,0.00382315
Start Pacacocha,240,1710,0.00395187
Start Pacacocha,245,1705,0.00406522
Start Pacacocha,250,1700,0.00415624
Start Pacacocha,255,1695,0.00426858
Start Pacacocha,260,1690,0.00429686
Start Pacacocha,265,1685,0.00430182
Start Pacacocha,270,1680,0.0044174
Start Pacacocha,275,1675,0.00452056
Start Pacacocha,280,1670,0.00456074
Start Pacacocha,285,1665,0.00468153
Start Pacacocha,290,1660,0.00485911
Start Pacacocha,295,1655,0.00491318
Start Pacacocha,300,1650,0.00510762
Start Pacacocha,305,1645,0.00521128
Start Pacacocha,310,1640,0.00541045
Start Pacacocha,315,1635,0.00553867
Start Pacacocha,320,1630,0.0056793
Start Pacacocha,325,1625,0.00584273
Start Pacacocha,330,1620,0.00597046
Start Pacacocha,335,1615,0.00609299
Start Pacacocha,340,1610,0.00626708
Start Pacacocha,345,1605,0.00636332
Start Pacacocha,350,1600,0.00637299
Start Pacacocha,355,1595,0.00653545
Start Pacacocha,360,1590,0.00659025
Start Pacacocha,365,1585,0.00671253
Start Pacacocha,370,1580,0.00677676
Start Pacacocha,375,1575,0.0069345
Start Pacacocha,380,1570,0.00691218
Start Pacacocha,385,1565,0.00696352
Start Pacacocha,390,1560,0.00705479
Start Pacacocha,395,1555,0.00717383
Start Pacacocha,400,1550,0.00726361
Start Pacacocha,405,1545,0.0072527
Start Pacacocha,410,1540,0.00744219
Start Pacacocha,415,1535,0.00744268
Start Pacacocha,420,1530,0.00749402
Start Pacacocha,425,1525,0.00753569
Start Pacacocha,430,1520,0.00750121
Start Pacacocha,435,1515,0.00750394
Start Pacacocha,440,1510,0.00755007
Start Pacacocha,445,1505,0.00757586
Start Pacacocha,450,1500,0.00759124
Start Pacacocha,455,1495,0.00753321
Start Pacacocha,460,1490,0.00769293
Start Pacacocha,465,1485,0.00772418
Start Pacacocha,470,1480,0.00777849
Start Pacacocha,475,1475,0.00785637
Start Pacacocha,480,1470,0.00775344
Start Pacacocha,485,1465,0.00782561
Start Pacacocha,490,1460,0.00787721
Start Pacacocha,495,1455,0.00793326
Start Pacacocha,500,1450,0.0080766
Start Pacacocha,505,1445,0.00801584
Start Pacacocha,510,1440,0.00809943
Start Pacacocha,515,1435,0.00813166
Start Pacacocha,520,1430,0.00829833
Start Pacacocha,525,1425,0.00829114
Start Pacacocha,530,1420,0.00834918
Start Pacacocha,535,1415,0.00844441
Start Pacacocha,540,1410,0.00839729
Start Pacacocha,545,1405,0.0084831
Start Pacacocha,550,1400,0.00848608
Start Pacacocha,555,1395,0.00848261
Start Pacacocha,560,1390,0.00859819
Start Pacacocha,565,1385,0.00874129
Start Pacacocha,570,1380,0.00874153
Start Pacacocha,575,1375,0.00872591
Start Pacacocha,580,1370,0.008715
Start Pacacocha,585,1365,0.00871227
Start Pacacocha,590,1360,0.00885835
Start Pacacocha,595,1355,0.00892086
Start Pacacocha,600,1350,0.00895606
Start Pacacocha,605,1345,0.00894392
Start Pacacocha,610,1340,0.00901733
Start Pacacocha,615,1335,0.00894541
Start Pacacocha,620,1330,0.00899501
Start Pacacocha,625,1325,0.0090332
Start Pacacocha,630,1320,0.00894317
Start Pacacocha,635,1315,0.00912671
Start Pacacocha,640,1310,0.00905503
Start Pacacocha,645,1305,0.00901484
Start Pacacocha,650,1300,0.00911108
Start Pacacocha,655,1295,0.0090709
Start Pacacocha,660,1290,0.00923682
Start Pacacocha,665,1285,0.00901385
Start Pacacocha,670,1280,0.00909496
Start Pacacocha,675,1275,0.00904014
Start Pacacocha,680,1270,0.00895111
Start Pacacocha,685,1265,0.0088524
Start Pacacocha,690,1260,0.00881519
Start Pacacocha,695,1255,0.00866614
Start Pacacocha,700,1250,0.00856321
Start Pacacocha,705,1245,0.00851931
Start Pacacocha,710,1240,0.00843796
Start Pacacocha,715,1235,0.00833851
Start Pacacocha,720,1230,0.00827924
Start Pacacocha,725,1225,0.00809769
Start Pacacocha,730,1220,0.00782661
Start Pacacocha,735,1215,0.00786381
Start Pacacocha,740,1210,0.00772641
Start Pacacocha,745,1205,0.00761256
Start Pacacocha,750,1200,0.00736333
Start Pacacocha,755,1195,0.00724749
Start Pacacocha,760,1190,0.0070399
Start Pacacocha,765,1185,0.00694391
Start Pacacocha,770,1180,0.00680628
Start Pacacocha,775,1175,0.0065285
Start Pacacocha,780,1170,0.00629065
Start Pacacocha,785,1165,0.00619095
Start Pacacocha,790,1160,0.00587745
Start Pacacocha,795,1155,0.00569343
Start Pacacocha,800,1150,0.00545187
Start Pacacocha,805,1145,0.00529115
Start Pacacocha,810,1140,0.00494988
Start Pacacocha,815,1135,0.00475594
Start Pacacocha,820,1130,0.00471005
Start Pacacocha,825,1125,0.00433927
Start Pacacocha,830,1120,0.00412994
Start Pacacocha,835,1115,0.00386531
Start Pacacocha,840,1110,0.0036927
Start Pacacocha,845,1105,0.00354116
Start Pacacocha,850,1100,0.00330108
Start Pacacocha,855,1095,0.00315549
Start Pacacocha,860,1090,0.0028993
Start Pacacocha,865,1085,0.002748
Start Pacacocha,870,1080,0.002561
Start Pacacocha,875,1075,0.00238441
Start Pacacocha,880,1070,0.00223065
Start Pacacocha,885,1065,0.00214334
Start Pacacocha,890,1060,0.00197296
Start Pacacocha,895,1055,0.00180233
Start Pacacocha,900,1050,0.00173238
Start Pacacocha,905,1045,0.00167485
Start Pacacocha,910,1040,0.00155753
Start Pacacocha,915,1035,0.00143948
Start Pacacocha,920,1030,0.00127529
Start Pacacocha,925,1025,0.00120635
Start Pacacocha,930,1020,0.00114683
Start Pacacocha,935,1015,0.00107886
Start Pacacocha,940,1010,0.000993549
Start Pacacocha,945,1005,0.000888388
Start Pacacocha,950,1000,0.000810762
Start Pacacocha,955,995,0.000786949
Start Pacacocha,960,990,0.000678565
Start Pacacocha,965,985,0.000620779
Start Pacacocha,970,980,0.000619541
Start Pacacocha,975,975,0.000573413
Start Pacacocha,980,970,0.00053472
Start Pacacocha,985,965,0.000457592
Start Pacacocha,990,960,0.000484619
Start Pacacocha,995,955,0.000389138
Start Pacacocha,1000,950,0.000364328
Start Pacacocha,1005,945,0.000353918
Start Pacacocha,1010,940,0.000303319
Start Pacacocha,1015,935,0.000316712
Start Pacacocha,1020,930,0.000243058
Start Pacacocha,1025,925,0.000271572
Start Pacacocha,1030,920,0.000224205
Start Pacacocha,1035,915,0.000230154
Start Pacacocha,1040,910,0.000187498
Start Pacacocha,1045,905,0.000203127
Start Pacacocha,1050,900,0.000157737
Start Pacacocha,1055,895,0.000145582
Start Pacacocha,1060,890,0.000137398
Start Pacacocha,1065,885,0.000146579
Start Pacacocha,1070,880,0.000148066
Start Pacacocha,1075,875,0.00012599
Start Pacacocha,1080,870,0.000111608
Start Pacacocha,1085,865,0.000096728
Start Pacacocha,1090,860,0.000125491
Start Pacacocha,1095,855,0.000107387
Start Pacacocha,1100,850,0.00011582
Start Pacacocha,1105,845,0.0000406697
